Ship,Date,Country,ShipType,CaptainName
Down-sized intermediate solution,2017-07-24,Portugal,bulk carrier,Manuel Thomas
Total analyzing paradigm,2017-12-13,Micronesia,passenger ship,John Nicholson
Diverse user-facing matrix,2004-01-16,Aruba,container ship,Dr. Jim Wilkerson DDS
Front-line national utilization,1999-07-10,Tokelau,military,Candice Clarke
Organized coherent throughput,2001-01-14,Chad,container ship,Jeremy Graham
Stand-alone client-driven ability,2019-08-09,Bulgaria,tanker,Oscar Norman
Digitized tertiary time-frame,2012-05-23,Mexico,bulk carrier,Robert Middleton
Optimized composite instruction set,2014-10-30,Tanzania,crude oil tanker,Tina Hubbard
Synergistic hybrid model,1995-02-23,Turkey,crude oil tanker,Andrea Russell
Fundamental tertiary database,2013-02-04,Panama,bulk carrier,Amber Yu
Profound bottom-line benchmark,2009-06-05,Czech Republic,tanker,Karen Johnson
Devolved client-server parallelism,2000-02-05,India,crude oil tanker,Margaret White
Pre-emptive intangible challenge,2020-11-30,India,tanker,Sandra Allen
Inverse 3rdgeneration firmware,1999-06-30,Guyana,crude oil tanker,Brandon Hampton
Versatile systematic utilization,2016-03-01,French Polynesia,crude oil tanker,Mary Huffman
Customer-focused analyzing challenge,2004-09-03,Micronesia,passenger ship,Anthony Graham
Versatile heuristic support,2015-12-25,Bhutan,passenger ship,Joseph Martinez
Programmable exuding utilization,2009-04-22,Bahrain,military,Mary Torres
Secured cohesive encryption,2011-03-06,Seychelles,passenger ship,Christopher Reyes
Distributed multi-tasking encoding,2013-09-21,Puerto Rico,bulk carrier,Jonathan Snyder
Synergized context-sensitive definition,1994-07-08,Turkmenistan,container ship,Charles Russell
Focused dedicated Internet solution,2007-04-23,Tunisia,bulk carrier,Jason Evans
Re-contextualized value-added standardization,2001-05-22,Guam,military,Michael Keith
Cross-group client-driven framework,2002-08-09,Thailand,tanker,Lisa Frederick
Distributed foreground emulation,2021-01-11,Israel,container ship,Fred Paul
Cross-platform well-modulated secured line,2004-11-10,Fiji,military,Julie Hess
Universal context-sensitive workforce,2024-03-13,Kenya,tanker,James Cook
Integrated bottom-line Graphic Interface,2011-02-20,Italy,container ship,Joseph Holt
Secured didactic solution,2012-12-15,Christmas Island,tanker,Kenneth Monroe
Progressive client-driven synergy,2008-08-17,Afghanistan,military,Dustin Martin
User-centric context-sensitive success,2004-05-05,Slovenia,tanker,John Nelson
Innovative content-based budgetary management,2022-12-05,Guinea-Bissau,tanker,Christina Harris
Face-to-face dynamic focus group,2007-12-22,Niger,military,John Sexton
Compatible object-oriented methodology,2002-11-23,Lesotho,passenger ship,Michael Boyd
Face-to-face responsive emulation,2015-04-22,French Southern Territories,military,Karla Jenkins
Polarized static infrastructure,2015-10-30,Anguilla,bulk carrier,Terri George
Networked exuding service-desk,2019-09-28,Brazil,passenger ship,Timothy Griffin
Upgradable high-level adapter,2005-11-26,Cote d'Ivoire,passenger ship,Kevin Crosby
Diverse incremental array,2019-08-09,Tuvalu,bulk carrier,Anthony Petty
Business-focused mission-critical time-frame,2003-12-27,Falkland Islands (Malvinas),container ship,Barbara Byrd
Customizable static system engine,2022-07-19,Heard Island and McDonald Islands,passenger ship,Lisa Reyes
Cross-group interactive algorithm,2014-03-07,Cyprus,crude oil tanker,Randall Allen
Triple-buffered demand-driven knowledge user,1994-06-03,United States Virgin Islands,military,Kimberly Carlson
Realigned web-enabled concept,1995-12-29,Jordan,crude oil tanker,Frank Jackson
Progressive bandwidth-monitored Graphical User Interface,1994-10-08,United States Virgin Islands,container ship,Antonio Haley
Object-based neutral solution,1994-11-26,Russian Federation,container ship,Janice Smith
Profound cohesive toolset,2009-07-12,Angola,crude oil tanker,Jennifer Conrad
Total demand-driven moratorium,1995-08-02,French Guiana,military,Anna Norman
Enhanced intangible encryption,2016-10-10,Egypt,bulk carrier,Adam Nolan
Managed logistical capacity,2018-10-27,United States Virgin Islands,passenger ship,Carlos Flynn
Seamless zero administration productivity,2001-11-22,Costa Rica,container ship,Lisa Pearson
Multi-lateral client-driven knowledge user,2020-07-26,Saint Helena,passenger ship,Lori Hanson
Profit-focused neutral leverage,2006-11-16,Bangladesh,bulk carrier,Stephanie Spence
Multi-tiered responsive hub,2005-04-04,Liechtenstein,tanker,Elizabeth Reid
Multi-layered local implementation,2009-06-30,Zimbabwe,container ship,Jennifer Hamilton
Face-to-face modular throughput,2004-01-15,Heard Island and McDonald Islands,crude oil tanker,Christina Cook
Streamlined mobile database,2011-01-11,British Virgin Islands,passenger ship,Megan Williams
Reduced attitude-oriented solution,1996-01-03,Bhutan,bulk carrier,Peter Sandoval
Organic fresh-thinking encoding,1997-12-24,Lebanon,container ship,Crystal Miller
Digitized reciprocal time-frame,2005-11-16,Israel,crude oil tanker,John Wells
Grass-roots executive definition,2021-06-11,Bhutan,container ship,Debbie Taylor
Ameliorated cohesive artificial intelligence,2017-07-25,Djibouti,passenger ship,Tyler Smith
Ergonomic multi-state support,2011-04-29,China,military,Brooke Dunn
Customizable composite task-force,1995-12-13,United Kingdom,passenger ship,Tyler Rush
Ameliorated tangible Local Area Network,2016-03-07,China,tanker,Faith Hernandez
Sharable human-resource service-desk,2015-08-03,Montenegro,tanker,Dawn Parsons
Distributed foreground architecture,2021-05-09,Finland,container ship,Nicholas Clark
Inverse needs-based moratorium,2003-01-09,United States of America,bulk carrier,Victoria Price
Versatile directional conglomeration,2007-09-22,Fiji,tanker,Brian Meyer
Decentralized holistic frame,2005-07-02,Malawi,bulk carrier,Frederick Ross
Integrated systematic interface,2004-11-02,Togo,military,Kara Stewart
Implemented zero-defect utilization,2021-07-18,Faroe Islands,container ship,Donna Livingston
Focused directional installation,1995-09-18,Netherlands,crude oil tanker,Rebecca Welch
Re-contextualized eco-centric functionalities,1994-09-03,Taiwan,tanker,Joshua Jones
Down-sized user-facing forecast,2019-04-28,Uruguay,container ship,Michelle Hall
Polarized heuristic portal,2012-12-09,Malta,crude oil tanker,Ryan Henry
Horizontal static framework,2005-08-20,Zimbabwe,tanker,Laurie Walker
Organic cohesive help-desk,2018-08-19,Solomon Islands,passenger ship,Brandon Martin
Fully-configurable 4thgeneration utilization,2007-08-28,Lithuania,crude oil tanker,Chloe Perry
Right-sized contextually-based capability,2009-08-29,Saint Helena,crude oil tanker,Sarah Noble
Triple-buffered solution-oriented monitoring,2023-10-30,Marshall Islands,container ship,Jennifer Davila
Exclusive composite circuit,2001-04-05,Spain,military,Shirley Moore
Devolved methodical ability,2011-03-29,Saint Martin,crude oil tanker,Kelly Wallace
Down-sized high-level focus group,2000-12-24,Cocos (Keeling) Islands,passenger ship,Wendy Allen
Fundamental eco-centric knowledgebase,1999-07-20,Liechtenstein,passenger ship,Jacob Anthony
Exclusive disintermediate migration,2009-10-24,Belarus,tanker,Lauren Pierce
Virtual bandwidth-monitored algorithm,2010-09-25,Saint Pierre and Miquelon,container ship,Melissa Howell
Virtual cohesive open architecture,2009-04-02,Tokelau,military,Sherry Jones
Exclusive 4thgeneration system engine,2001-11-19,Cameroon,military,Keith Ward
Versatile context-sensitive flexibility,2017-10-20,Togo,passenger ship,Michael Lewis
Versatile tangible open system,1995-03-08,Guyana,container ship,Alicia Bush
User-friendly attitude-oriented access,2014-12-01,Falkland Islands (Malvinas),military,Anthony Walters
Innovative zero tolerance task-force,2023-12-13,Paraguay,passenger ship,Kathleen Rodriguez
Persistent national Graphical User Interface,2003-10-28,Nepal,passenger ship,Christopher Avila
Virtual dedicated intranet,2013-11-17,Pitcairn Islands,bulk carrier,Lisa Johnston
Devolved leadingedge workforce,2014-01-25,Samoa,crude oil tanker,Jennifer Sanford
Synchronized tangible service-desk,2017-12-10,Dominican Republic,bulk carrier,Jennifer Thomas
User-centric scalable database,2000-10-16,Ecuador,crude oil tanker,Michelle Allen
Polarized interactive time-frame,2017-11-15,Bahrain,military,Melissa Moore
Switchable system-worthy extranet,2023-10-15,Russian Federation,tanker,Eric Washington
Streamlined logistical synergy,1999-01-20,Croatia,passenger ship,Nicole Lewis
Optional object-oriented moratorium,1995-12-30,Fiji,bulk carrier,Robin Colon
Streamlined intermediate secured line,2000-01-15,Senegal,container ship,Jasmine Webster
Seamless zero administration standardization,2002-08-06,Grenada,passenger ship,Marc Butler
Customizable encompassing groupware,2014-10-18,Vanuatu,crude oil tanker,Shelby Wilson
User-friendly heuristic capability,2018-01-25,Congo,military,Robert Fischer
Optimized well-modulated contingency,1995-06-01,Jamaica,bulk carrier,Erin Mcdonald
Polarized secondary process improvement,2016-04-27,Chad,crude oil tanker,Danny Gonzalez
Cross-platform demand-driven synergy,1996-07-13,Marshall Islands,tanker,Crystal Evans
Profit-focused contextually-based benchmark,2019-05-26,Slovakia (Slovak Republic),tanker,Dwayne Douglas
Up-sized fault-tolerant database,2018-10-08,Haiti,passenger ship,Benjamin Lee
Front-line heuristic interface,1995-10-21,Venezuela,bulk carrier,Jade Hall
Cloned regional encryption,2014-10-30,United States of America,container ship,Kathleen Jones
Cross-group directional task-force,2003-03-02,Christmas Island,bulk carrier,Robert Moore
Managed bi-directional forecast,1998-08-27,Libyan Arab Jamahiriya,crude oil tanker,Heather Adams
Cross-group human-resource attitude,2009-12-04,Cape Verde,tanker,Jerome Vaughan
Multi-tiered motivating initiative,2020-05-06,South Africa,passenger ship,Christopher Copeland
Automated modular task-force,2017-06-07,Malta,military,Amy Nelson
Organized user-facing database,1997-08-24,Mongolia,crude oil tanker,Amanda Hill
Optional incremental ability,1999-02-24,Syrian Arab Republic,military,Jon Alvarez
Balanced high-level initiative,2000-02-16,United States Virgin Islands,passenger ship,Shari Martinez
Diverse grid-enabled moratorium,2002-04-15,Saint Vincent and the Grenadines,container ship,Jorge Johnson
Exclusive high-level initiative,1999-02-10,Burkina Faso,passenger ship,Billy Adams
Persistent bottom-line throughput,1997-07-31,Papua New Guinea,passenger ship,Jeremy Smith
Function-based zero administration implementation,1999-09-12,Monaco,crude oil tanker,Robert Holmes
Business-focused zero administration hardware,2003-01-11,Dominican Republic,crude oil tanker,Timothy Green
Persevering holistic functionalities,2013-05-28,Barbados,crude oil tanker,Kristin Baker
Quality-focused composite project,2007-09-14,Venezuela,passenger ship,Anita Gomez
Optional leadingedge Graphic Interface,2020-09-07,Mongolia,tanker,Thomas Bryan
Optional clear-thinking neural-net,2002-04-12,Seychelles,tanker,Stephen Doyle
Fundamental contextually-based system engine,2019-01-18,Paraguay,crude oil tanker,Wendy Berry
Enhanced directional data-warehouse,2023-01-06,Korea,container ship,James Gonzales
User-friendly systemic moratorium,2016-12-14,Uganda,military,Jeffrey Flores
Decentralized foreground customer loyalty,2008-04-30,British Virgin Islands,crude oil tanker,Matthew Ramirez
Ergonomic interactive ability,2015-06-08,Colombia,container ship,George Waller
Exclusive reciprocal throughput,2014-06-18,Djibouti,tanker,Jessica Valencia
Future-proofed background adapter,2014-08-15,Isle of Man,bulk carrier,Daniel Moore
Self-enabling contextually-based concept,2024-01-03,Wallis and Futuna,tanker,Rachel Johnson
Multi-channeled multi-tasking framework,2013-04-17,Trinidad and Tobago,container ship,Felicia Wilson DVM
Centralized bandwidth-monitored open system,2001-12-23,Peru,container ship,Tammy Leonard
Cross-platform 6thgeneration frame,2002-09-30,Aruba,military,Leah Dickerson
Multi-layered demand-driven Graphic Interface,2004-09-27,Portugal,bulk carrier,Dana Ramos
Enterprise-wide tangible workforce,1996-03-20,Falkland Islands (Malvinas),bulk carrier,Joe Holmes
Fundamental zero-defect productivity,2002-04-20,Marshall Islands,bulk carrier,Alicia Anderson
Profound radical hierarchy,2019-10-14,Vanuatu,passenger ship,Lisa Mcclure
Universal hybrid project,2005-12-25,Korea,military,Dominic Thomas
Cloned context-sensitive artificial intelligence,1998-04-26,South Georgia and the South Sandwich Islands,military,Jonathan Green
Implemented stable challenge,2014-08-01,Turkey,passenger ship,Douglas Johnson
Self-enabling regional initiative,2007-02-18,Somalia,passenger ship,Michael Wheeler
Multi-channeled reciprocal synergy,2014-02-03,Kazakhstan,crude oil tanker,Roger Banks
Advanced uniform strategy,1997-09-24,Nauru,container ship,Gregory Howe
Re-engineered heuristic info-mediaries,1996-08-17,Singapore,crude oil tanker,Sarah Romero
Self-enabling leadingedge throughput,1995-11-07,Dominican Republic,crude oil tanker,Ernest Ware
User-friendly dynamic instruction set,1996-11-07,Bolivia,tanker,Tara Johnson
Exclusive zero-defect alliance,2020-04-23,Togo,passenger ship,Terry Mcdonald
Face-to-face motivating interface,1997-04-19,Wallis and Futuna,bulk carrier,Jennifer Bauer
Decentralized system-worthy capability,2007-11-21,Uzbekistan,container ship,Douglas Taylor
Multi-layered value-added forecast,2005-12-12,Saint Martin,military,John Parrish
Automated clear-thinking challenge,1999-08-12,Mauritius,tanker,Jamie Cantrell
Public-key web-enabled product,2004-10-09,Cyprus,tanker,Samantha Wheeler
Devolved transitional archive,2020-04-03,Greenland,passenger ship,Kyle Hall
Quality-focused intermediate function,1994-07-13,Mongolia,crude oil tanker,Tasha Anderson
Proactive secondary forecast,2003-09-18,Grenada,container ship,Robert Harris
Future-proofed background secured line,2020-02-12,Comoros,tanker,Michael Gillespie
Secured systematic emulation,1999-05-27,Fiji,container ship,Maria Mack
Enterprise-wide uniform standardization,1998-10-14,Maldives,container ship,Ann Velez
Self-enabling system-worthy methodology,2015-09-14,United States Minor Outlying Islands,military,Lisa Russell
Open-architected web-enabled hierarchy,1997-02-14,American Samoa,crude oil tanker,Emily Evans
Reactive value-added circuit,1998-01-03,Falkland Islands (Malvinas),passenger ship,Troy Martinez
Ergonomic solution-oriented framework,2006-07-24,Samoa,container ship,Katherine Hoffman
Focused 6thgeneration parallelism,2016-11-23,Bosnia and Herzegovina,passenger ship,Adrian Medina
Proactive methodical structure,2010-02-18,French Polynesia,military,James Guzman
Organized motivating array,2001-08-10,Egypt,military,Ryan Stone
Face-to-face exuding standardization,2022-04-26,Falkland Islands (Malvinas),bulk carrier,Phyllis Grant DVM
Progressive bifurcated leverage,2021-07-26,Somalia,tanker,Kayla Brady
Multi-channeled system-worthy firmware,2004-02-11,Czech Republic,container ship,Sherry Vasquez
Adaptive encompassing analyzer,1997-01-09,Syrian Arab Republic,tanker,Jeff Martin
Open-source radical strategy,1996-10-27,Jamaica,tanker,Paul Gillespie
Managed well-modulated methodology,2009-01-01,Singapore,military,James Robinson
Innovative 24/7 encryption,2014-09-21,Suriname,passenger ship,Charles Maldonado
Extended disintermediate concept,2003-04-10,Libyan Arab Jamahiriya,passenger ship,Kathleen Weber
Devolved intermediate infrastructure,2000-02-28,Rwanda,bulk carrier,Deanna Richardson
Object-based eco-centric extranet,2017-12-19,Saint Vincent and the Grenadines,container ship,Laura Mendoza
Business-focused national installation,2012-09-17,Isle of Man,bulk carrier,Charles Hoffman
Up-sized bandwidth-monitored frame,2008-08-07,Georgia,passenger ship,Alyssa Vasquez
Polarized scalable process improvement,2021-11-30,Ecuador,passenger ship,Steven Smith
Stand-alone upward-trending artificial intelligence,2008-10-29,Belgium,crude oil tanker,Taylor Bates
Operative incremental matrices,2010-06-25,Philippines,container ship,Jacqueline Summers
Reduced bifurcated moderator,2009-04-10,Korea,tanker,Amy Smith
Distributed motivating productivity,2003-02-07,Georgia,bulk carrier,Mrs. Kimberly Valencia
Polarized motivating structure,2001-05-21,Qatar,passenger ship,David Sullivan
Balanced scalable intranet,2001-03-10,Saint Helena,military,Erika Walsh
Configurable contextually-based forecast,1995-07-01,Burundi,passenger ship,Brooke Osborn
Sharable systemic installation,1995-03-03,Venezuela,military,Kathleen Morales
Customizable object-oriented circuit,2023-04-01,Iraq,bulk carrier,Jessica Schroeder
Upgradable 3rdgeneration migration,1999-04-21,Chile,passenger ship,Dalton Rodriguez
Enhanced fresh-thinking contingency,2020-09-26,Sierra Leone,tanker,Dennis Acosta
Right-sized zero administration ability,2001-05-14,Uzbekistan,container ship,Michael Drake
Adaptive zero tolerance structure,2004-05-16,Botswana,military,Sean Ross
Front-line dynamic task-force,2009-09-27,Hungary,bulk carrier,Jesse Gomez
Team-oriented object-oriented extranet,2009-01-12,Cyprus,passenger ship,David George
Ergonomic upward-trending software,1997-12-16,San Marino,container ship,Peter Bradford
Function-based multi-state utilization,2000-11-05,Paraguay,crude oil tanker,Kristin Mejia
Automated responsive definition,1997-08-24,Holy See (Vatican City State),bulk carrier,Joseph Best
User-friendly directional function,2009-07-13,Liberia,crude oil tanker,Martha Sanchez
Networked full-range matrices,1996-09-27,French Southern Territories,container ship,Vanessa Wilson DVM
Ameliorated composite attitude,2014-10-23,Japan,passenger ship,William Stewart
Ameliorated transitional implementation,2016-09-23,Equatorial Guinea,crude oil tanker,Tiffany Ward
Future-proofed asynchronous utilization,2002-10-22,Angola,passenger ship,Denise Love
Front-line optimizing ability,2002-08-25,Guadeloupe,container ship,Susan Webb
Switchable national encryption,2020-11-25,Serbia,military,Mark Cisneros
Business-focused clear-thinking infrastructure,1998-10-16,Fiji,container ship,Mr. Andrew Patel
Future-proofed radical concept,2021-03-08,Turkey,bulk carrier,Maxwell Holmes
Total bifurcated toolset,2014-09-06,Nepal,military,April Steele
Proactive optimal infrastructure,2018-05-09,Dominica,tanker,Bernard Adams
Innovative foreground capability,2014-11-14,China,crude oil tanker,Allison Sanchez
Quality-focused dynamic capacity,2016-02-17,Holy See (Vatican City State),container ship,Catherine Jordan
Managed local workforce,1994-06-20,Solomon Islands,tanker,Susan White
Visionary bifurcated moderator,2006-11-16,Afghanistan,military,Matthew Hood
Polarized neutral support,1996-12-13,Lebanon,crude oil tanker,Cody Singh
Ameliorated zero-defect standardization,2007-03-04,Andorra,military,David Rush
Open-source mission-critical access,2023-02-10,Guernsey,military,Ross Gray
Mandatory real-time emulation,2017-04-11,Mauritius,bulk carrier,Tyrone Moss
Cross-platform discrete pricing structure,2004-08-07,Kuwait,crude oil tanker,Erika Edwards
Intuitive actuating challenge,2018-04-21,Cyprus,tanker,Megan Jones
Decentralized bottom-line success,2022-05-23,Monaco,bulk carrier,Russell Potter
Mandatory neutral toolset,2010-02-13,Norfolk Island,container ship,Frank Castillo
Networked object-oriented budgetary management,2010-08-02,Syrian Arab Republic,military,Julie Shea
User-centric coherent matrices,2001-07-04,Azerbaijan,passenger ship,Margaret Le
Programmable methodical time-frame,2006-10-25,Antarctica (the territory South of 60 deg S),passenger ship,Judy Reynolds
Re-contextualized web-enabled open architecture,1997-07-23,Benin,tanker,Joseph Keller
Re-contextualized didactic knowledge user,2006-07-12,Niue,military,Kirk Smith
Programmable coherent paradigm,2005-06-04,Holy See (Vatican City State),passenger ship,Nicholas Campbell
Team-oriented methodical standardization,2000-05-11,Romania,bulk carrier,Lisa Hubbard
Multi-layered bottom-line extranet,2000-09-19,Moldova,tanker,Nathan Callahan
Focused executive artificial intelligence,2012-06-04,Ethiopia,crude oil tanker,James Mosley
Inverse executive flexibility,1994-07-25,Sweden,military,Barbara Clark
Centralized full-range hierarchy,2022-03-26,Australia,bulk carrier,Eric Green
Programmable holistic support,1995-04-04,Tuvalu,crude oil tanker,James Rodriguez
Exclusive stable initiative,2017-05-11,Turkey,passenger ship,John Nelson
Self-enabling client-server encryption,2004-07-29,Norfolk Island,military,Roger Ramsey
Decentralized homogeneous software,2016-05-11,Guam,bulk carrier,Tara Williamson
Team-oriented leadingedge info-mediaries,2003-10-24,Sudan,military,Dale Miller
Universal holistic moratorium,2005-05-13,Denmark,bulk carrier,Gavin Bell
Customer-focused motivating open system,2010-07-03,Trinidad and Tobago,container ship,Danielle May
Adaptive 24hour implementation,2016-12-30,Mozambique,bulk carrier,Shawn Lee
Focused solution-oriented synergy,2007-05-02,France,military,Chad Palmer
Multi-tiered asynchronous contingency,2000-09-06,Saint Lucia,container ship,Garrett Keller
Open-architected bandwidth-monitored flexibility,2003-02-04,Trinidad and Tobago,tanker,Megan Riley DDS
Re-contextualized responsive concept,2001-08-31,Eritrea,container ship,Mr. John Ferguson MD
Operative full-range time-frame,2015-05-29,United States of America,passenger ship,Raven Smith
Optimized exuding middleware,2010-04-11,Bermuda,military,Amber Calhoun
Robust multi-tasking solution,2001-02-13,Saint Helena,crude oil tanker,April Wood
Mandatory scalable model,2015-02-23,New Caledonia,container ship,Caroline Patterson
Cross-group interactive matrix,1996-12-25,Hungary,passenger ship,Monica Yang
Ergonomic solution-oriented capability,2018-10-31,Poland,bulk carrier,Timothy Wilson
Multi-channeled exuding capacity,2023-05-17,Philippines,military,Elizabeth Patel
Sharable actuating time-frame,2001-06-08,British Virgin Islands,military,Russell Duncan
Enhanced neutral Graphic Interface,2017-02-12,Zambia,tanker,Nichole Hicks
De-engineered didactic encoding,2020-07-21,South Georgia and the South Sandwich Islands,container ship,Holly Ellis
Seamless even-keeled budgetary management,2006-09-25,South Africa,container ship,John Steele
Multi-layered impactful application,1996-10-02,Monaco,container ship,Charlene Bailey
Seamless mission-critical task-force,2020-06-27,Qatar,bulk carrier,Brittany Kim
Self-enabling mission-critical synergy,1999-10-28,Bangladesh,military,Albert Chapman
Total scalable utilization,2018-10-03,Equatorial Guinea,military,Danielle Brooks
Configurable reciprocal superstructure,2001-12-25,British Indian Ocean Territory (Chagos Archipelago),bulk carrier,Brenda Moses
Grass-roots bifurcated time-frame,2002-07-13,Morocco,bulk carrier,Jonathan Mcknight
Programmable web-enabled superstructure,1999-02-04,Saint Pierre and Miquelon,tanker,Allison Wilson
Reactive background functionalities,1996-11-16,San Marino,military,Robert Lin
Function-based client-driven implementation,2004-01-05,Colombia,bulk carrier,Christine Roberts
Versatile mobile function,2019-06-13,Equatorial Guinea,bulk carrier,Sue Cook
Multi-layered solution-oriented capacity,2011-02-26,Palau,military,Tonya Morrison
Configurable mobile archive,1999-08-27,Uruguay,passenger ship,Sara Parker
Diverse client-server system engine,2013-04-21,Syrian Arab Republic,bulk carrier,Jose Walters
Progressive dedicated customer loyalty,2022-04-29,Reunion,container ship,Jeffrey Wang
Optimized asynchronous implementation,1995-05-01,Honduras,passenger ship,Janet Blair
Up-sized 5thgeneration access,2012-05-21,Honduras,bulk carrier,Ashley Sanchez
Upgradable zero administration open architecture,2010-02-05,Belgium,military,Debra Campbell
Business-focused bifurcated encoding,2023-02-28,Tunisia,military,Casey Ramirez
Triple-buffered dynamic initiative,2020-01-17,Uzbekistan,passenger ship,Angie Clements
Object-based user-facing groupware,1999-12-23,Belgium,container ship,Amanda Johnson
User-friendly impactful pricing structure,2006-11-06,Russian Federation,bulk carrier,Rebekah Gilbert
User-friendly explicit monitoring,2000-08-06,Liberia,container ship,Connor Ruiz
Secured coherent encryption,2011-10-06,Albania,tanker,Darren Hood
Balanced demand-driven utilization,1994-12-17,Congo,container ship,Lisa Mitchell
User-centric static projection,2012-08-12,Norfolk Island,container ship,Jasmine Willis
Multi-channeled 24/7 approach,2008-04-27,China,military,Kevin Dunn Jr.
Managed homogeneous service-desk,2006-04-19,Honduras,passenger ship,Cassandra Stokes
Expanded value-added task-force,1998-01-16,Canada,tanker,Nathaniel Escobar
Face-to-face attitude-oriented adapter,2003-04-30,New Caledonia,bulk carrier,Jose Orozco
Secured hybrid synergy,1994-08-29,Martinique,bulk carrier,Hector Nelson
Realigned analyzing initiative,2020-07-24,Singapore,crude oil tanker,Robert Owens
Ameliorated cohesive flexibility,1996-10-29,Tuvalu,tanker,Joseph Medina
Synergized multi-state encryption,2006-10-18,French Southern Territories,passenger ship,Adam Guerrero
Compatible modular interface,2013-09-25,Poland,military,Stacey Young
Extended incremental data-warehouse,2023-04-30,Bahrain,bulk carrier,Daniel Webster
Optional foreground monitoring,2017-04-17,Ethiopia,tanker,Jeffrey Bird
Reactive needs-based structure,2022-02-07,El Salvador,passenger ship,Timothy Clarke
Persistent mission-critical Graphic Interface,1995-03-16,Fiji,tanker,Kristin Nelson
User-friendly radical Internet solution,2013-12-30,Burundi,tanker,Stacey Burns
Optimized leadingedge strategy,2011-12-16,Sri Lanka,tanker,David Dominguez MD
Switchable clear-thinking flexibility,2008-03-24,Czech Republic,passenger ship,Jessica Fisher
Re-contextualized secondary project,2023-06-20,Paraguay,crude oil tanker,Sheila Costa
Open-source bandwidth-monitored installation,2021-02-28,Nigeria,crude oil tanker,Courtney Love
Seamless even-keeled website,2010-12-29,Solomon Islands,tanker,Dawn Meyer
Focused logistical project,2005-05-29,Saint Helena,military,Kimberly Patterson
Cross-platform directional project,1995-06-07,British Indian Ocean Territory (Chagos Archipelago),bulk carrier,Mrs. Danielle Smith MD
Switchable client-driven framework,2016-08-02,Greece,military,Sophia Carney
Business-focused tertiary Local Area Network,2005-08-06,Reunion,bulk carrier,Tommy Jones
Proactive systematic product,2000-11-13,Mexico,tanker,Leah Larsen
Diverse 3rdgeneration infrastructure,2017-09-25,Finland,bulk carrier,Christina Williamson
Decentralized value-added project,2018-03-05,Northern Mariana Islands,passenger ship,Christine Andersen
Cross-group encompassing model,2002-01-14,French Guiana,passenger ship,Alexander Brown
Cross-platform scalable functionalities,2010-02-13,Argentina,tanker,Adam Mitchell
Self-enabling national framework,2010-08-18,Nepal,passenger ship,Robert Welch
Polarized analyzing attitude,2021-07-06,Haiti,military,Daisy Foster
Ergonomic uniform data-warehouse,2020-11-12,Aruba,crude oil tanker,Tyler Snow
Down-sized web-enabled projection,2010-02-06,Madagascar,tanker,Stephanie Pratt
Grass-roots responsive concept,2008-02-18,Zambia,military,Zachary Lopez
Progressive even-keeled migration,1996-12-19,Angola,tanker,Mary Lyons
Multi-lateral didactic function,2001-06-14,Malta,passenger ship,Justin Melendez
Customizable 4thgeneration standardization,2015-08-26,Greenland,crude oil tanker,Janet Young
Versatile human-resource implementation,2018-06-27,Croatia,tanker,Lindsay Carroll
Quality-focused systematic toolset,2012-02-18,Taiwan,bulk carrier,Tiffany Hill
Up-sized multimedia Graphic Interface,2002-07-13,Romania,container ship,Spencer Smith
Multi-channeled bifurcated hub,2016-01-23,United States of America,passenger ship,Brian Garner
Configurable 24hour time-frame,2024-03-07,Mauritania,passenger ship,Jeffrey Harper
Total coherent website,2022-02-27,Kyrgyz Republic,passenger ship,Amber May
Customizable mobile software,2023-05-08,Bolivia,container ship,Molly Sampson
Triple-buffered zero-defect data-warehouse,2001-07-11,Benin,military,Denise Adams
Adaptive holistic conglomeration,2003-01-14,Heard Island and McDonald Islands,bulk carrier,Michelle Hicks
Re-engineered mobile instruction set,2005-08-15,United Arab Emirates,crude oil tanker,Joseph Keller
Centralized multi-tasking moderator,2006-03-02,Eritrea,crude oil tanker,Hannah Winters
Reduced 6thgeneration initiative,1998-03-19,Saudi Arabia,military,Thomas Navarro
Exclusive zero-defect instruction set,2014-04-23,Gambia,passenger ship,David Martinez
Seamless maximized core,2006-10-19,Colombia,military,Suzanne Cannon
Persistent human-resource initiative,2001-06-27,Dominican Republic,crude oil tanker,Luis Morgan
De-engineered web-enabled toolset,2020-09-24,Libyan Arab Jamahiriya,military,Paul Beasley
Versatile regional superstructure,2003-02-21,Korea,crude oil tanker,Carrie Burke
Down-sized mission-critical data-warehouse,2017-11-02,Vietnam,container ship,Emily Spencer
Pre-emptive human-resource Graphic Interface,2016-05-16,Lesotho,tanker,James Jones
User-centric transitional extranet,2015-09-14,Ecuador,military,Kathleen Clark
Profound interactive emulation,2009-03-14,Papua New Guinea,passenger ship,Sheri Haney
Object-based explicit productivity,2015-01-23,Algeria,tanker,Russell Downs
Self-enabling transitional flexibility,2005-12-05,El Salvador,tanker,Justin Chandler
Profound scalable collaboration,1998-11-07,Costa Rica,military,William Keith
Organic eco-centric implementation,2006-08-26,Benin,crude oil tanker,Scott Gonzalez
Down-sized 5thgeneration ability,2017-01-14,American Samoa,tanker,Benjamin Smith
Multi-channeled solution-oriented Graphic Interface,2012-11-09,Honduras,military,Nicole Smith
Persevering executive secured line,2018-05-13,Ukraine,passenger ship,Rachel Wolfe
Fundamental web-enabled synergy,2001-06-20,Saint Pierre and Miquelon,tanker,Jacob Bowen
Implemented fault-tolerant benchmark,2016-07-06,United Kingdom,container ship,Linda Kirk
Configurable asymmetric model,2006-10-07,United Kingdom,tanker,Lawrence Smith
Versatile interactive protocol,2019-07-21,Grenada,bulk carrier,Joseph Mason
Diverse high-level encoding,2021-11-06,Bosnia and Herzegovina,bulk carrier,Paige Hamilton
Progressive responsive groupware,2006-04-05,Tunisia,passenger ship,Robert Nichols
Managed bandwidth-monitored orchestration,2002-06-05,Turkmenistan,bulk carrier,Karen Sellers
De-engineered optimizing support,2015-03-20,Angola,military,Cindy Carroll
Upgradable web-enabled architecture,1996-04-11,Malaysia,passenger ship,Taylor Mccann
Cross-platform 3rdgeneration service-desk,2001-03-07,Oman,bulk carrier,Debra Payne
Assimilated static functionalities,2015-08-09,Haiti,bulk carrier,Pamela Fisher
Optimized 24hour hub,2011-02-14,Tokelau,tanker,Ashley Johnson
Up-sized zero-defect extranet,2022-06-07,Denmark,military,Colton Henderson
Mandatory multi-state contingency,2002-08-17,Zambia,container ship,Maria Wilkerson
Up-sized stable system engine,2001-06-17,South Africa,tanker,Michael Hurley
Inverse executive utilization,2016-09-18,Palestinian Territory,military,Heather Delgado
Down-sized dedicated instruction set,2010-07-12,Malaysia,passenger ship,Mr. Eric Garcia Jr.
Adaptive disintermediate attitude,2023-03-24,United States Minor Outlying Islands,crude oil tanker,Kristina Hernandez
Inverse multi-state encoding,1998-02-24,Turks and Caicos Islands,passenger ship,Michael Allen
Configurable didactic paradigm,2002-08-09,Anguilla,military,Cynthia Floyd
Front-line regional neural-net,1999-12-06,Costa Rica,military,Michael Ryan
Intuitive foreground software,1998-03-28,Tuvalu,tanker,Evan Good
Assimilated directional hub,2022-02-21,Pitcairn Islands,container ship,Melissa Martin
Quality-focused multimedia installation,1999-02-21,Montserrat,container ship,Nicole Aguilar
Compatible system-worthy capability,2017-05-23,Aruba,container ship,Amanda Williams
Compatible next generation hierarchy,2007-07-21,Saudi Arabia,passenger ship,Alyssa Rhodes
Organic maximized superstructure,2000-08-07,Brazil,military,David Padilla
Centralized solution-oriented focus group,2022-07-31,Swaziland,military,Karina Zuniga
Polarized bandwidth-monitored throughput,2020-03-18,Cape Verde,passenger ship,Ryan Gonzales
Customer-focused contextually-based encryption,1999-02-04,South Africa,tanker,Christine Thomas
Programmable 24/7 conglomeration,2023-08-20,Cameroon,military,Michael Ramsey
Re-engineered homogeneous hub,2006-05-04,Bolivia,military,Thomas Jones
Pre-emptive even-keeled emulation,2003-08-29,Djibouti,crude oil tanker,Patrick Thomas
Virtual composite focus group,2004-05-15,Russian Federation,container ship,Michelle Cook
Re-engineered zero-defect array,2011-01-01,Mali,tanker,Timothy Stanton
Polarized actuating pricing structure,2017-09-17,Saint Lucia,passenger ship,Candice Doyle
Seamless fresh-thinking definition,2012-05-17,Niger,bulk carrier,Rodney Richardson
User-friendly bi-directional adapter,2024-02-26,Guatemala,bulk carrier,Chris Ali
Ergonomic bifurcated functionalities,2000-01-31,Comoros,tanker,Nicholas Arias
Upgradable actuating customer loyalty,2018-04-07,Guatemala,passenger ship,Brittany Taylor
Right-sized holistic data-warehouse,2016-12-28,Trinidad and Tobago,crude oil tanker,James Sawyer
Phased optimizing toolset,2007-08-03,Ethiopia,tanker,Jason Davis
Integrated interactive hierarchy,2010-04-04,Seychelles,crude oil tanker,Elijah Reynolds
Fundamental upward-trending system engine,2022-05-01,Central African Republic,tanker,Mrs. Stacey Elliott
Face-to-face reciprocal hierarchy,2005-03-26,Cayman Islands,container ship,Joseph Jenkins
Operative mission-critical policy,2023-03-10,Ecuador,container ship,Ryan Porter
Fundamental maximized installation,1998-01-19,Micronesia,military,Michelle Roberts
Organic asynchronous ability,2018-12-15,United Arab Emirates,crude oil tanker,Tina Howard
Adaptive 3rdgeneration knowledgebase,2011-08-17,Saudi Arabia,crude oil tanker,Dawn Ross
Total holistic attitude,1997-04-29,Paraguay,military,Kimberly Ford
Versatile asymmetric challenge,2012-01-17,Burundi,crude oil tanker,Alisha Gutierrez
Synchronized incremental middleware,1996-01-05,Bhutan,military,Mrs. Beth Vaughn
Digitized mission-critical alliance,1999-11-21,Libyan Arab Jamahiriya,container ship,Malik Oconnell
Compatible bifurcated task-force,2021-04-09,Mozambique,passenger ship,Crystal Roberson
Profit-focused exuding time-frame,2007-12-06,Angola,container ship,Andrea Tucker
Multi-lateral maximized functionalities,2021-11-12,United Arab Emirates,military,Devon Stevens
Realigned value-added hierarchy,1997-01-07,Iran,passenger ship,John Anderson
Operative fresh-thinking strategy,2006-11-02,France,container ship,Tommy Bailey
Cross-group interactive framework,2013-10-06,Benin,crude oil tanker,Alex King
Balanced reciprocal data-warehouse,2022-06-29,Papua New Guinea,container ship,April Ramos
Organic optimal hub,2009-09-29,Central African Republic,container ship,Jillian Scott
Digitized 24hour archive,2011-11-01,Marshall Islands,passenger ship,Alexander Christensen
Ameliorated multi-state utilization,1996-03-15,Montenegro,passenger ship,Erik Velazquez
Intuitive bifurcated secured line,2015-09-18,Burundi,military,Dylan Smith
Multi-lateral upward-trending pricing structure,2005-11-05,Vietnam,bulk carrier,Kyle Monroe
Streamlined national array,2018-03-18,Switzerland,container ship,Mr. Robert Burns DVM
Realigned national database,1999-11-25,Tanzania,bulk carrier,Shawn Buckley MD
Re-engineered regional implementation,2010-12-18,France,container ship,Sarah Vance
Open-architected optimizing software,1997-09-22,Sao Tome and Principe,tanker,Jacob Vang
User-centric even-keeled focus group,2001-10-25,Bahrain,passenger ship,Carrie Lewis
Grass-roots intangible workforce,2016-04-28,Haiti,bulk carrier,Ashlee Fleming
Cross-group national interface,2022-01-14,Norway,bulk carrier,Carrie Williams
Mandatory encompassing customer loyalty,1997-09-07,Zimbabwe,military,Brandy Jones
Synergized cohesive product,2001-12-06,Philippines,military,Sydney Ramsey
Realigned bandwidth-monitored framework,2001-10-13,Somalia,tanker,Andrea Stewart
Proactive homogeneous system engine,2005-07-22,Belarus,passenger ship,Alyssa Moore
Fundamental multimedia projection,2013-01-29,Grenada,military,Michael Rodriguez
Cross-platform fault-tolerant migration,2005-06-20,Bulgaria,bulk carrier,Henry Waters
Enterprise-wide value-added standardization,2018-07-11,Brazil,passenger ship,Erica Roach
Horizontal needs-based model,2008-10-11,South Georgia and the South Sandwich Islands,container ship,Brandon Estes
Assimilated analyzing open system,2011-12-09,Ethiopia,container ship,Erik Ruiz
Distributed 24hour database,2016-05-23,France,crude oil tanker,Julie Wade
Vision-oriented dedicated extranet,2019-03-27,Martinique,military,Michael Stout
Mandatory uniform help-desk,2008-11-06,Lesotho,container ship,Catherine Thompson
Configurable systematic matrices,2019-03-05,Denmark,military,Meghan Chavez
Visionary executive functionalities,1994-05-06,Gabon,container ship,James Stewart
Future-proofed non-volatile model,2001-02-11,Guinea-Bissau,crude oil tanker,Peggy Thompson
Face-to-face grid-enabled utilization,1997-08-04,Isle of Man,military,Lauren Walker
Decentralized eco-centric encoding,2007-01-05,Mauritania,military,Cameron Hubbard
Horizontal asynchronous forecast,2008-05-11,Cuba,tanker,Angel Mercer
Reduced even-keeled superstructure,1998-06-18,Antigua and Barbuda,bulk carrier,Wanda Lambert
Fundamental 4thgeneration customer loyalty,2008-09-05,Bosnia and Herzegovina,bulk carrier,Deborah Mercer
Future-proofed coherent function,2023-05-20,Cyprus,tanker,Jennifer Johnson
Upgradable even-keeled pricing structure,2023-01-05,Mozambique,crude oil tanker,Cody Watson
Compatible disintermediate flexibility,1999-10-03,Micronesia,tanker,Alexander Smith
Cloned tangible model,1997-03-08,China,tanker,Craig Todd
Face-to-face context-sensitive groupware,2022-04-25,French Guiana,military,Melissa Howard
Implemented 6thgeneration budgetary management,2015-10-24,Mexico,bulk carrier,Joshua Coleman
Triple-buffered exuding function,2010-11-23,Liechtenstein,container ship,Debra Diaz
Future-proofed mission-critical project,2023-07-08,Antigua and Barbuda,tanker,April Garcia
Realigned maximized secured line,2009-04-24,Monaco,crude oil tanker,Darlene Smith
Compatible context-sensitive standardization,2011-01-22,Israel,bulk carrier,Mark Gonzalez
Profound tertiary archive,2020-02-26,Philippines,container ship,Nicole Donovan
Extended neutral process improvement,2012-12-02,Martinique,bulk carrier,Allison Rogers
Open-source asynchronous workforce,2014-03-25,Guatemala,bulk carrier,Tonya Watson
Team-oriented attitude-oriented solution,2016-05-24,Kenya,military,Andre Perez
Business-focused dedicated portal,2019-04-20,Bermuda,container ship,Nicole Morgan
Persistent analyzing success,2021-06-16,Austria,bulk carrier,Suzanne Noble
Phased bandwidth-monitored neural-net,2023-12-02,Tuvalu,bulk carrier,Todd Johnson
Networked systemic capability,1994-05-10,Anguilla,tanker,Michael Miller
Programmable zero administration system engine,1997-05-26,Barbados,crude oil tanker,Robert Mason
Progressive impactful matrices,2006-12-26,Turkmenistan,military,Connor Cabrera
Cross-group contextually-based function,1996-01-05,Algeria,bulk carrier,Christina West
Persistent directional algorithm,2023-06-09,Haiti,crude oil tanker,Mark Garcia
Multi-layered human-resource paradigm,1994-10-22,Solomon Islands,bulk carrier,Bryce Davis
Managed dynamic policy,2004-10-30,Bhutan,tanker,Rebecca Phillips
Managed solution-oriented analyzer,2022-12-23,Sierra Leone,tanker,Cynthia Boyer
Reverse-engineered multi-tasking secured line,1994-08-16,United Kingdom,container ship,Tristan Lopez
Vision-oriented systematic migration,2022-10-03,Northern Mariana Islands,bulk carrier,Bruce Young
Secured 24hour moderator,2017-03-06,Guadeloupe,bulk carrier,Matthew Ryan
Sharable explicit forecast,2011-03-19,Mali,passenger ship,Rebecca Moore
Persistent demand-driven parallelism,2010-03-08,British Indian Ocean Territory (Chagos Archipelago),tanker,Brian Taylor
Cross-group clear-thinking matrix,2023-05-16,Bahamas,container ship,Jerry Davis
Pre-emptive coherent capacity,1994-11-04,Namibia,container ship,Melissa Barron
Polarized optimizing access,2017-07-02,Marshall Islands,passenger ship,Ryan Santos DDS
Implemented eco-centric parallelism,2018-10-24,Uzbekistan,crude oil tanker,David Tanner
Multi-tiered hybrid project,2000-05-01,Kenya,container ship,Brandon Ramos
De-engineered neutral access,2007-12-24,Samoa,crude oil tanker,Dana Li DVM
Profit-focused fault-tolerant model,2005-05-27,Kyrgyz Republic,container ship,Tiffany Vargas
Adaptive needs-based migration,2006-06-06,Faroe Islands,bulk carrier,Jesse Wallace
Secured zero tolerance synergy,2006-06-15,Azerbaijan,passenger ship,Heather Ryan
Progressive dynamic encoding,2018-05-27,Bolivia,tanker,Diane Collins
Re-contextualized neutral adapter,2012-08-29,El Salvador,passenger ship,Jacqueline Banks
Innovative grid-enabled matrix,2004-01-31,Solomon Islands,tanker,Roger Mason
Implemented disintermediate concept,2006-11-24,United Kingdom,tanker,Mr. Ronald Shah
Phased bottom-line utilization,2023-12-01,Malaysia,crude oil tanker,Hannah Mason
Compatible composite knowledgebase,2004-08-10,Peru,military,Erica Blevins
Fully-configurable tangible standardization,2015-10-25,Ireland,crude oil tanker,Megan Burns
Vision-oriented 5thgeneration portal,2003-11-15,Slovakia (Slovak Republic),tanker,Janet Ballard
Organized tertiary analyzer,2009-11-29,Guam,military,Danielle Anderson
Quality-focused non-volatile encoding,2018-04-24,Ireland,crude oil tanker,Regina Rollins
Multi-tiered impactful pricing structure,2020-07-04,Norfolk Island,crude oil tanker,Kimberly Lam
Profit-focused directional firmware,2010-12-19,Papua New Guinea,bulk carrier,Darlene Hess
Universal intangible encryption,1998-04-09,Mayotte,container ship,Breanna Hall
Business-focused grid-enabled encryption,2003-11-29,Belgium,passenger ship,Kimberly Day
Synergistic intermediate installation,2011-11-03,Liberia,bulk carrier,Michael Martin
Managed systemic capacity,2000-05-23,Tuvalu,crude oil tanker,Brianna Cohen
Compatible intangible Graphical User Interface,2023-07-21,Saint Vincent and the Grenadines,crude oil tanker,Gabriel Reed
Optional context-sensitive software,1997-10-04,South Georgia and the South Sandwich Islands,bulk carrier,Jeremy Martinez
Intuitive context-sensitive website,2012-09-21,Iceland,bulk carrier,Timothy Rivera
Multi-channeled directional complexity,2020-05-31,Hungary,bulk carrier,Frank Boyer
Triple-buffered system-worthy utilization,2021-11-25,Tajikistan,tanker,Benjamin Howell
Open-architected explicit Graphic Interface,2020-10-31,Belarus,bulk carrier,Erica Mcintosh
Synchronized regional portal,2022-12-02,Saint Vincent and the Grenadines,tanker,Holly Dominguez
Expanded zero-defect implementation,2020-08-04,United States Virgin Islands,container ship,Katherine Smith
Monitored web-enabled forecast,2014-08-14,Belarus,military,Michael Cummings
Assimilated uniform Internet solution,2001-09-12,Brunei Darussalam,military,Sarah Nichols
Diverse mission-critical flexibility,2003-11-16,Palau,tanker,Steve Pennington
Ameliorated even-keeled model,1995-05-09,Jamaica,crude oil tanker,Duane Vega
Streamlined web-enabled conglomeration,2011-10-24,Cambodia,tanker,Jason Clarke
Right-sized optimizing analyzer,2021-09-25,Barbados,crude oil tanker,Kimberly Case
Automated background forecast,1999-10-03,Iceland,tanker,Carl Perry
Reactive asymmetric groupware,2008-04-10,Haiti,crude oil tanker,Paula Lutz
Extended explicit data-warehouse,2018-11-16,Congo,passenger ship,Angie Anderson
Synergized uniform strategy,2024-01-31,Belarus,bulk carrier,Tiffany Wright
Future-proofed attitude-oriented help-desk,2008-03-31,Barbados,tanker,Latoya Reid
Right-sized contextually-based approach,2014-07-18,Slovenia,bulk carrier,Aaron Walker
Advanced exuding database,2011-03-11,Lao People's Democratic Republic,tanker,Robert Evans
Diverse motivating definition,2004-09-27,Egypt,military,Sarah Osborne
Integrated next generation alliance,2021-07-17,Madagascar,passenger ship,Russell Duarte
Streamlined full-range parallelism,2005-03-02,Yemen,tanker,Mark Martin
Function-based analyzing capability,2002-07-17,Malaysia,passenger ship,Alyssa Leonard
Polarized uniform middleware,1999-03-25,Croatia,container ship,Megan Smith
Decentralized coherent instruction set,2006-04-15,Mayotte,military,Matthew Goodwin
Integrated interactive architecture,2022-03-02,Isle of Man,container ship,Amanda Clark
Expanded full-range workforce,2008-02-15,Libyan Arab Jamahiriya,crude oil tanker,Elizabeth Rose
Pre-emptive 4thgeneration time-frame,2021-02-07,Zimbabwe,container ship,Karl Conley
Pre-emptive asymmetric complexity,2008-12-12,Cayman Islands,bulk carrier,Steven Owens
Reverse-engineered exuding secured line,2001-10-28,Niger,container ship,Christopher Spencer
Assimilated tertiary process improvement,2014-07-12,Kiribati,military,Tiffany Cook
User-friendly discrete middleware,2004-03-11,Central African Republic,container ship,Matthew Harris
Customizable discrete implementation,1995-10-07,Rwanda,crude oil tanker,Justin Johnston
Assimilated global open system,2005-10-27,Zambia,passenger ship,Melissa Peters
Proactive non-volatile conglomeration,1996-10-18,Swaziland,container ship,Michael Wagner
Persistent systemic utilization,2015-10-04,Benin,bulk carrier,Wyatt Brown
Assimilated encompassing circuit,2018-01-25,Equatorial Guinea,bulk carrier,Raymond Sanders
Distributed optimal hierarchy,1999-10-15,Cook Islands,crude oil tanker,Angela Lee
Advanced real-time software,2018-02-24,Afghanistan,bulk carrier,Daniel Gonzalez
Grass-roots intermediate process improvement,2021-05-06,Saint Pierre and Miquelon,container ship,Michelle Powell
Profit-focused 4thgeneration moratorium,1999-01-27,Denmark,bulk carrier,Debra Cruz
Adaptive 3rdgeneration forecast,2021-02-26,Bolivia,container ship,Ronald Farmer
User-centric needs-based installation,2003-01-26,Vanuatu,military,Allison Hernandez
Expanded responsive conglomeration,2006-10-19,Montenegro,bulk carrier,Andrea Ross
Enhanced 24/7 ability,1997-01-19,Tanzania,bulk carrier,Michelle Taylor
Inverse optimizing website,1999-09-09,Syrian Arab Republic,military,Haley Gonzalez
Expanded clear-thinking benchmark,2005-06-24,Bolivia,container ship,Michael Mccoy
Open-architected dynamic function,2011-09-01,Samoa,container ship,Wanda Keith
Stand-alone secondary knowledgebase,1997-04-06,Brunei Darussalam,crude oil tanker,Christopher White
Streamlined regional monitoring,2015-09-23,Russian Federation,tanker,Jack White
Multi-lateral analyzing open architecture,2011-07-19,British Indian Ocean Territory (Chagos Archipelago),passenger ship,Jason Lopez
Realigned attitude-oriented core,2022-12-19,Mayotte,crude oil tanker,Elizabeth Williams
Triple-buffered regional emulation,2002-05-17,Honduras,crude oil tanker,Laura Copeland
Optional systematic ability,2017-05-22,Suriname,tanker,Kathryn Montgomery
Progressive systematic website,1998-09-01,Bouvet Island (Bouvetoya),tanker,Aaron Robinson
Secured transitional installation,1999-02-26,Myanmar,crude oil tanker,Jennifer Cooper
Universal multimedia Graphical User Interface,2018-01-10,Liechtenstein,crude oil tanker,Raven Lowery
Networked uniform alliance,1996-09-14,Benin,container ship,Tiffany Faulkner
Decentralized web-enabled encryption,2019-07-16,Afghanistan,bulk carrier,Alyssa Williams
Phased actuating concept,2003-05-21,Honduras,container ship,Laurie Bailey
Digitized context-sensitive archive,2003-03-08,Oman,container ship,Kyle Huff
Cloned fresh-thinking productivity,2002-04-16,Colombia,military,Kenneth Smith
Robust intangible synergy,2016-04-08,Moldova,container ship,Jason Cox
Fully-configurable real-time middleware,1995-03-08,Saint Barthelemy,tanker,Matthew Pearson
Monitored logistical array,2003-11-23,Fiji,tanker,Cody Sanchez
Implemented bottom-line architecture,2013-12-08,Bosnia and Herzegovina,bulk carrier,Kelly Moreno
Extended web-enabled productivity,2018-11-21,Israel,passenger ship,Desiree Kim
Versatile transitional application,1997-12-24,Greece,passenger ship,Deborah Hall
Integrated maximized secured line,2016-07-13,Fiji,crude oil tanker,Diane Thomas
Distributed zero-defect customer loyalty,2001-01-19,Lesotho,passenger ship,Mary Johnson
Multi-lateral multi-tasking emulation,1999-03-21,Uruguay,crude oil tanker,Chris Roth
Multi-layered bottom-line concept,1996-08-25,Tunisia,container ship,Carol Atkins
Advanced neutral database,2001-07-16,Yemen,bulk carrier,Wanda Thompson
Innovative 6thgeneration synergy,1998-01-04,Chad,passenger ship,Stanley Rosales
Function-based tangible core,2015-10-16,Myanmar,passenger ship,Tina Macdonald
Visionary actuating extranet,2004-10-17,Faroe Islands,container ship,Michael Keller
Cross-group grid-enabled core,2005-02-26,Malawi,container ship,Brett Klein
Versatile zero-defect encoding,2020-07-15,Argentina,passenger ship,James Armstrong
Vision-oriented needs-based contingency,2009-03-22,Isle of Man,bulk carrier,Amanda Walsh
Object-based 6thgeneration capability,2011-02-09,Slovakia (Slovak Republic),passenger ship,Michelle Baker
Synchronized holistic methodology,2008-02-26,Central African Republic,bulk carrier,Thomas Thomas
Fundamental asymmetric access,2011-05-24,British Virgin Islands,crude oil tanker,Karen Blankenship
Sharable zero administration superstructure,2004-11-13,Somalia,container ship,Chad Williams
Multi-layered empowering solution,1995-07-26,Turkey,tanker,Isaac Watkins
Public-key homogeneous superstructure,2023-01-19,Aruba,bulk carrier,Philip Rodriguez
Total full-range focus group,2001-03-15,Norfolk Island,military,Daniel English
Fundamental discrete extranet,2000-01-01,Botswana,container ship,Sean Hendrix
Triple-buffered cohesive encryption,2024-01-01,Antigua and Barbuda,tanker,Danny Scott
Diverse uniform pricing structure,2022-01-04,Tanzania,crude oil tanker,Sherry Baker
Robust well-modulated installation,1997-01-16,Samoa,passenger ship,Erin Wilson
Centralized foreground initiative,2015-03-21,Zambia,crude oil tanker,William Chavez
Inverse foreground architecture,2005-12-06,Dominican Republic,bulk carrier,Jonathan Johnson
Enhanced upward-trending emulation,2016-07-21,Angola,tanker,Antonio Franklin
Decentralized bifurcated moderator,2020-10-19,Egypt,container ship,Kenneth Sanders
Advanced full-range parallelism,1996-11-06,Italy,crude oil tanker,Daniel Ray
Programmable empowering policy,2015-06-04,United Arab Emirates,tanker,Anthony Johnson
Total motivating Local Area Network,2014-01-27,Mayotte,tanker,Glenn Lewis
Open-source attitude-oriented throughput,2001-10-10,Estonia,crude oil tanker,Mary Compton
Versatile 3rdgeneration task-force,2021-05-11,Fiji,military,Lori Shepard
Optional optimizing paradigm,2015-07-21,Iceland,military,Jonathon Parker
Customer-focused zero tolerance protocol,2019-09-03,Guyana,passenger ship,Brenda Bell
Cloned stable firmware,2000-06-28,Italy,container ship,Diane Griffith
Stand-alone 24hour throughput,2018-06-16,Maldives,tanker,Joshua Baker
Extended analyzing orchestration,2003-02-06,Marshall Islands,passenger ship,Robert Guzman
Advanced encompassing frame,2006-08-02,Burkina Faso,crude oil tanker,Andres Hardin
Persevering client-server groupware,2005-07-12,Uganda,passenger ship,Dr. Jeffery Wells
Secured neutral functionalities,2002-05-24,Trinidad and Tobago,bulk carrier,Stephen Allen
User-centric bandwidth-monitored time-frame,2000-11-12,Macao,container ship,John Williams
Down-sized client-driven access,1999-06-25,Nauru,bulk carrier,Melissa Smith
Distributed foreground instruction set,2006-09-27,Tuvalu,crude oil tanker,Dr. Tony Parks
Re-engineered regional instruction set,2001-04-13,Holy See (Vatican City State),crude oil tanker,Beth Anderson
Reduced systemic portal,2010-07-21,Mozambique,bulk carrier,Kyle Matthews
Intuitive incremental success,2014-02-24,Qatar,crude oil tanker,Jennifer Drake
Configurable local Graphical User Interface,1995-06-17,Equatorial Guinea,tanker,Thomas Brown
Focused systemic firmware,2009-01-27,United Kingdom,military,Richard Hill
Reduced mission-critical database,2019-11-10,Malaysia,crude oil tanker,Michelle Barker
Intuitive client-driven system engine,2005-02-02,Zimbabwe,tanker,Daniel Allison
Profit-focused bifurcated info-mediaries,2009-05-28,North Macedonia,passenger ship,Lisa Armstrong
Organized modular concept,1997-08-04,United States Virgin Islands,container ship,Heather Richmond
Persistent next generation task-force,1999-09-13,Gambia,container ship,Patricia Mendez
Robust modular protocol,1995-08-18,Tanzania,container ship,Penny Wilson
Down-sized intangible Graphical User Interface,2011-08-03,French Guiana,passenger ship,Jacqueline Harper
De-engineered reciprocal architecture,2000-12-16,Burkina Faso,bulk carrier,Kaitlyn Hammond
Cross-group foreground encryption,1998-11-22,Saint Lucia,bulk carrier,Emily Anderson
Exclusive zero-defect implementation,2018-08-28,Mexico,military,Becky Mitchell
Cross-group dynamic contingency,2015-07-03,Guyana,tanker,Alicia Fields
Digitized multi-tasking open system,2013-08-06,China,container ship,Jeffery Erickson
Fundamental secondary function,2022-01-20,Pitcairn Islands,container ship,Kimberly Neal
Cross-group homogeneous parallelism,2021-06-21,Japan,passenger ship,Samuel Ramirez
User-centric real-time conglomeration,2013-11-20,Cameroon,container ship,Frederick Freeman
Multi-layered holistic toolset,2005-02-09,Antigua and Barbuda,container ship,Joshua Arnold
Profit-focused encompassing array,2005-07-07,Azerbaijan,bulk carrier,Kelly Anderson
Distributed real-time Local Area Network,1997-10-24,El Salvador,container ship,Mark Arias
Assimilated next generation knowledge user,2023-03-27,Chile,bulk carrier,Leslie Carter
Fundamental eco-centric interface,1995-11-25,Albania,military,Charles Park
Fundamental needs-based pricing structure,2017-04-30,Slovenia,crude oil tanker,Dawn Butler
Diverse static initiative,2008-06-10,Bermuda,passenger ship,Christine Cox
Monitored client-server data-warehouse,2021-12-04,Afghanistan,crude oil tanker,Daniel Hernandez
Total disintermediate toolset,2023-10-14,Luxembourg,passenger ship,Traci Thomas
Business-focused transitional collaboration,2013-01-20,France,passenger ship,Bryan Benton
Synergized real-time capability,2001-03-25,Mauritania,container ship,Jacob Johnson
Configurable actuating adapter,2019-08-30,Saint Barthelemy,military,David Young
Distributed static collaboration,2018-06-24,Jamaica,crude oil tanker,Derek Moreno
Customer-focused client-driven emulation,2010-11-08,Switzerland,military,Ariana Reid
Reduced holistic protocol,2017-11-22,Reunion,container ship,Frederick Gates
Switchable 24hour monitoring,1995-05-18,Tanzania,bulk carrier,Heather Trujillo
Persevering disintermediate time-frame,2007-09-18,Singapore,crude oil tanker,Janet Brown
Intuitive multimedia function,2014-01-14,Turks and Caicos Islands,military,Kara Mcdonald
Business-focused solution-oriented standardization,2001-02-02,Lao People's Democratic Republic,military,Stephanie Guzman
Virtual 24hour archive,2008-01-25,Oman,passenger ship,David Schmidt
Visionary multi-tasking conglomeration,2008-10-20,Botswana,bulk carrier,Hunter Larson
Enhanced next generation website,2006-01-29,Faroe Islands,passenger ship,Christopher Ramos
De-engineered tangible success,2007-05-29,Bouvet Island (Bouvetoya),tanker,Kevin Johnson
Customer-focused non-volatile structure,2005-05-15,Kuwait,bulk carrier,Tracy King
Configurable intangible installation,2003-02-24,Trinidad and Tobago,crude oil tanker,Michelle Smith
Upgradable exuding Graphical User Interface,1994-09-09,Jersey,container ship,Randall Ramirez
Multi-lateral dynamic structure,2003-10-09,Sierra Leone,tanker,Ms. Natalie Ray
Ergonomic static system engine,1995-12-09,Suriname,container ship,Katie Murphy
Proactive 3rdgeneration infrastructure,2009-12-12,Saint Lucia,crude oil tanker,Evan Freeman
Reactive composite support,2001-06-27,Estonia,passenger ship,Patrick Smith
Persevering holistic middleware,2015-09-27,Paraguay,tanker,James Mckenzie
Distributed transitional initiative,2012-06-22,Bangladesh,tanker,Jeffrey Gonzalez
Multi-layered radical extranet,2020-07-22,Heard Island and McDonald Islands,crude oil tanker,Derek Larson
User-friendly reciprocal function,2017-05-05,Micronesia,military,Jamie Logan
Vision-oriented reciprocal paradigm,2008-12-22,Anguilla,container ship,John White
Vision-oriented local extranet,2016-08-26,Cocos (Keeling) Islands,tanker,Matthew Cannon
Total holistic pricing structure,2022-01-28,Turkmenistan,container ship,Thomas Ramsey
Assimilated 3rdgeneration access,2006-04-23,China,crude oil tanker,Mrs. Susan Acosta MD
Multi-lateral homogeneous benchmark,1999-03-02,Tonga,tanker,Nicholas Gallegos
Function-based tertiary software,2007-06-20,Latvia,tanker,Robert Luna
Enterprise-wide logistical core,2015-05-28,Cyprus,passenger ship,Michael Owens
Advanced zero-defect support,1996-01-02,Papua New Guinea,crude oil tanker,Erica Smith
Visionary object-oriented infrastructure,1997-04-30,South Georgia and the South Sandwich Islands,crude oil tanker,Zachary Krause
Cross-group demand-driven focus group,2017-03-17,Burundi,military,Brian Allen
Down-sized foreground Graphical User Interface,1997-12-13,Greece,tanker,Frederick Hoffman
De-engineered bifurcated protocol,2020-09-19,Antarctica (the territory South of 60 deg S),military,Sylvia Herrera
Vision-oriented non-volatile info-mediaries,2021-05-13,Bahrain,passenger ship,Mary Garcia
Proactive heuristic functionalities,2000-07-30,Suriname,crude oil tanker,Catherine Small
Persistent impactful conglomeration,2018-08-29,Burundi,crude oil tanker,Shannon Hernandez
Intuitive zero administration analyzer,2003-07-02,French Guiana,passenger ship,Kimberly Marsh
Reverse-engineered didactic support,2006-10-15,Denmark,bulk carrier,Pamela Becker
Focused radical throughput,2009-05-14,Malawi,crude oil tanker,Robert Jensen
Integrated even-keeled initiative,2013-09-18,United Arab Emirates,bulk carrier,Sarah Thomas
Advanced holistic hub,2015-01-17,Jordan,container ship,Allen Lee
Cross-platform 4thgeneration instruction set,2016-02-07,Madagascar,passenger ship,Jordan York
Fundamental multimedia emulation,2020-08-30,Jordan,military,Cassandra Sanchez
Self-enabling tertiary emulation,2010-03-27,Sudan,container ship,Allen Lee
Configurable 24/7 budgetary management,1999-02-20,Holy See (Vatican City State),container ship,Jaclyn Velasquez
Visionary fresh-thinking matrix,2001-11-19,Saint Martin,passenger ship,Ronald Phillips
Virtual asynchronous initiative,2023-01-06,Botswana,passenger ship,Nicole Dominguez
Triple-buffered directional groupware,2011-02-20,Monaco,tanker,Edwin Mejia
Inverse full-range product,2009-02-04,Puerto Rico,passenger ship,Derek Weiss
Reverse-engineered static algorithm,2011-09-25,Palestinian Territory,crude oil tanker,Christina Strickland
Sharable 5thgeneration budgetary management,2000-09-17,Tuvalu,military,Charles Peters
Expanded content-based hub,2019-05-28,Korea,container ship,David Nguyen
Secured coherent framework,2018-01-09,Zimbabwe,tanker,Rebecca Herrera
Business-focused analyzing open architecture,2003-10-20,Djibouti,military,Vicki Harper
Multi-channeled reciprocal access,1996-07-19,Bahrain,crude oil tanker,Jennifer Higgins
Re-contextualized modular Graphic Interface,2002-02-26,Turks and Caicos Islands,military,Elizabeth Johnson MD
Cross-group composite model,2019-01-18,Papua New Guinea,bulk carrier,Mark Bass
Advanced uniform Graphical User Interface,2000-08-15,Saint Barthelemy,bulk carrier,Christina Briggs
Cross-platform composite hardware,2021-03-03,Colombia,tanker,Shelley Fisher
Integrated secondary monitoring,1999-05-14,Myanmar,crude oil tanker,George Carter
Exclusive executive Graphical User Interface,2011-09-23,Yemen,passenger ship,Vincent Dodson
Fundamental intangible contingency,2002-07-07,Antarctica (the territory South of 60 deg S),crude oil tanker,Katelyn Moore
Intuitive didactic firmware,2000-10-27,Lesotho,tanker,Judy Page
Triple-buffered responsive groupware,2009-08-25,United Kingdom,military,Jessica Wallace
Enhanced context-sensitive moratorium,2021-05-09,Palestinian Territory,military,Emily Harper
Front-line 6thgeneration projection,2020-10-12,Puerto Rico,bulk carrier,Craig Miller
Expanded bottom-line synergy,2009-09-18,Namibia,bulk carrier,Amanda Sanchez
Reduced multi-state database,2023-04-30,Fiji,military,Latoya Barnes
Re-engineered reciprocal neural-net,1995-06-02,Czech Republic,bulk carrier,James Baker
Fully-configurable explicit orchestration,2014-08-06,Iceland,military,Thomas Hutchinson
Enhanced multi-state access,2015-11-01,Kenya,tanker,Angela Porter
Public-key secondary utilization,2005-09-29,Belarus,container ship,Sara Wood
Re-engineered demand-driven architecture,2003-06-18,Suriname,crude oil tanker,Karen White
Open-source interactive capability,2015-06-11,Egypt,bulk carrier,Mr. Robert Buchanan
Ameliorated object-oriented monitoring,2016-02-02,Central African Republic,passenger ship,Daniel Walker
Balanced 5thgeneration forecast,2012-12-15,Ireland,container ship,William Johnson
Public-key coherent architecture,2023-11-11,Nigeria,tanker,Adam Hart
Upgradable real-time Internet solution,2008-06-08,Nigeria,container ship,Michael Wells
Cross-platform mission-critical open system,2022-08-16,Luxembourg,crude oil tanker,Becky Ryan
Decentralized even-keeled contingency,2011-02-11,Cuba,military,Anthony Ward
Implemented high-level array,2007-06-13,Antarctica (the territory South of 60 deg S),bulk carrier,Peter Gray
Digitized 3rdgeneration extranet,2000-11-02,Guinea-Bissau,crude oil tanker,Miss Marie Murphy
Ergonomic hybrid forecast,1996-09-19,Oman,crude oil tanker,Denise Johnson
Multi-tiered multi-tasking database,2019-08-18,Samoa,container ship,Erica Chen
Total zero tolerance support,2010-05-08,Sao Tome and Principe,military,Timothy Medina
Secured dynamic open system,2009-03-11,Zimbabwe,military,Samantha Ramirez
Multi-lateral eco-centric extranet,2001-04-25,Italy,tanker,Raymond Gutierrez
Total contextually-based implementation,2018-12-13,Burkina Faso,container ship,Brandon Padilla
Implemented 4thgeneration paradigm,1996-12-06,San Marino,crude oil tanker,Denise White
Enterprise-wide high-level complexity,1994-04-24,Bolivia,bulk carrier,Richard Salas
Diverse secondary hierarchy,2021-06-02,Iceland,military,Ian Johnson
Enterprise-wide tertiary knowledgebase,1995-03-26,Svalbard & Jan Mayen Islands,container ship,Alicia Bowers
Networked holistic frame,2010-07-12,Korea,military,Gina Rivera
Reactive explicit groupware,1999-10-15,Saint Helena,crude oil tanker,Michelle Fitzgerald
Grass-roots zero administration intranet,2008-02-22,Ukraine,container ship,James Johnson
Compatible transitional application,2006-10-24,Serbia,crude oil tanker,Brooke Page
Function-based multimedia definition,1999-10-21,Japan,bulk carrier,Mckenzie Edwards
Enhanced directional analyzer,2000-10-18,Belarus,passenger ship,Nicole Mccormick
Integrated demand-driven hub,2007-10-01,Hungary,crude oil tanker,Jessica David
Secured human-resource application,2006-07-26,Uzbekistan,bulk carrier,Jacob Cruz
Robust fault-tolerant flexibility,1995-08-25,Bhutan,passenger ship,Karen Williams
Configurable fresh-thinking monitoring,2004-08-22,Senegal,crude oil tanker,Pamela Jackson
Implemented cohesive time-frame,1996-01-04,Latvia,passenger ship,Jimmy Gomez
Switchable systemic implementation,2015-10-18,Egypt,military,Emily Brown
Intuitive real-time process improvement,2006-12-10,Mayotte,bulk carrier,Tammy Jenkins
Versatile zero administration task-force,2002-12-06,Holy See (Vatican City State),military,Joseph Riley
Multi-lateral high-level Internet solution,2010-09-11,Lebanon,container ship,Scott Dunn
Distributed intermediate ability,1996-12-14,Germany,crude oil tanker,Brian Garza
Secured regional frame,2018-07-24,Albania,tanker,Alexander Salazar
Synergized responsive implementation,2003-09-06,Nigeria,crude oil tanker,Michael Jones
Advanced executive software,2001-07-21,Kiribati,military,James Davis
Proactive bifurcated parallelism,2012-11-30,Bahamas,passenger ship,James Rose
Polarized interactive matrix,2001-05-14,Mayotte,bulk carrier,Sherri Carr
Persevering well-modulated capacity,2013-08-05,Kuwait,military,Patricia Valdez
Multi-channeled national installation,2012-11-19,Mexico,passenger ship,Gloria Atkins
Automated radical database,2023-01-12,Svalbard & Jan Mayen Islands,crude oil tanker,Christine Bradley
Reactive clear-thinking application,2004-11-05,Oman,passenger ship,Leah Cruz
Innovative analyzing framework,2020-08-21,Hong Kong,tanker,Tyler Watkins
Extended composite frame,2020-11-14,Azerbaijan,tanker,Shelly Carroll
Self-enabling fault-tolerant benchmark,2016-04-05,Montserrat,crude oil tanker,Kimberly Newman
Multi-layered clear-thinking alliance,1997-03-04,Slovakia (Slovak Republic),passenger ship,Jose Curtis
Persistent analyzing service-desk,2023-12-29,Gibraltar,crude oil tanker,John Molina
Right-sized tertiary firmware,2019-10-02,Fiji,crude oil tanker,Jeffrey Bailey
Secured national project,1997-01-15,Bermuda,military,William Phillips
Sharable client-driven definition,2008-10-27,Latvia,passenger ship,Jose Manning
Self-enabling intangible open system,2003-12-29,Aruba,tanker,Audrey Rubio
Persevering asynchronous artificial intelligence,1997-06-23,Cuba,military,Joseph Johnson
Devolved eco-centric toolset,2001-03-17,Australia,tanker,Bruce Fernandez
Right-sized background application,2018-10-07,Liberia,tanker,Heather Thomas
Adaptive directional challenge,2013-03-29,Gibraltar,container ship,Steven Moore
Quality-focused foreground support,2000-09-26,Cook Islands,tanker,Rachel Perez
Automated 24/7 neural-net,2002-01-03,Serbia,bulk carrier,Janet Hughes
Persevering eco-centric array,2006-12-31,Jordan,passenger ship,Calvin Yang
Triple-buffered impactful customer loyalty,1997-02-02,United States Virgin Islands,crude oil tanker,Diana Mason
Secured systemic hardware,2006-12-29,Saint Barthelemy,passenger ship,Chelsea Carr
Multi-tiered reciprocal initiative,2015-07-02,Vietnam,passenger ship,Steven Stevens
Integrated neutral alliance,2012-09-20,Mauritania,military,Frank Rodriguez
Enterprise-wide multimedia focus group,2013-09-07,Italy,tanker,Troy Miller
Down-sized grid-enabled forecast,2013-09-21,New Zealand,passenger ship,Michelle Winters
Proactive didactic structure,2015-06-28,Russian Federation,bulk carrier,Cory Santiago
Upgradable dynamic access,2003-06-21,Guernsey,military,Linda Allen
Seamless systemic capacity,1996-03-31,Bolivia,container ship,Tara Bell
Automated fault-tolerant product,2009-11-21,Samoa,bulk carrier,Jennifer Duncan
Ergonomic user-facing utilization,2017-06-28,Holy See (Vatican City State),bulk carrier,Mike Moreno
Sharable logistical alliance,2004-05-11,Mali,crude oil tanker,Gregory Powers
Focused high-level product,2009-08-30,Western Sahara,bulk carrier,Dean Scott
Reactive mission-critical collaboration,2002-02-25,Mauritania,military,Jermaine Williams
Visionary content-based definition,2007-01-31,Montenegro,bulk carrier,Jennifer Figueroa
Switchable optimizing toolset,2004-09-14,Japan,container ship,Mr. Anthony Oneal MD
Seamless multimedia throughput,2006-03-29,Cote d'Ivoire,bulk carrier,Anna Malone
Self-enabling systemic task-force,2013-06-26,Micronesia,passenger ship,Megan Thomas
Grass-roots secondary framework,2000-03-12,Grenada,container ship,Miguel Maxwell
Versatile static website,2000-07-31,Guadeloupe,passenger ship,Claudia Scott
Networked well-modulated definition,1995-12-10,Lebanon,crude oil tanker,Charles Roberts Jr.
Front-line even-keeled moderator,2003-07-12,Cote d'Ivoire,container ship,Michael Rogers
Future-proofed actuating infrastructure,2022-04-11,Czech Republic,passenger ship,Angela Dominguez
Realigned web-enabled installation,2005-08-20,United States of America,passenger ship,Juan Walters
Team-oriented eco-centric collaboration,2004-06-20,Bahamas,tanker,Heidi Knight
Down-sized coherent implementation,2005-08-03,Pitcairn Islands,military,Rachel Smith
Public-key user-facing projection,2000-02-18,Ecuador,container ship,Kevin Hamilton
Customizable directional Graphic Interface,2012-03-06,Western Sahara,bulk carrier,Melinda Burke
Synergistic homogeneous website,1996-04-02,Saint Helena,military,Jeffrey Willis
Horizontal optimal challenge,2019-07-20,Turkey,passenger ship,Corey Parker
Synchronized scalable matrices,2021-11-26,Ecuador,crude oil tanker,Michael Sparks
Customizable foreground portal,2013-09-04,India,bulk carrier,Travis Adams
Optimized analyzing database,1995-11-12,Lao People's Democratic Republic,container ship,Vanessa Wilson
Networked explicit analyzer,2022-01-12,Togo,bulk carrier,Anthony Fitzgerald
Upgradable homogeneous flexibility,2017-07-31,Lebanon,bulk carrier,Tyler Payne
Managed multi-tasking structure,2013-05-14,Azerbaijan,container ship,Todd Higgins
Multi-channeled tangible support,1994-06-19,Zimbabwe,tanker,Brendan Gardner
Inverse encompassing strategy,2001-01-22,Morocco,military,Katrina Hernandez
Polarized optimizing productivity,2002-08-18,Germany,passenger ship,Kerry Elliott
Persistent national knowledge user,2003-06-26,British Virgin Islands,military,Angela Kaufman
Balanced client-server implementation,2011-03-10,Saint Martin,crude oil tanker,Diane Rivera
Extended multimedia approach,1994-06-26,Tuvalu,military,Amy Meyer
Cross-platform context-sensitive encoding,2019-09-11,Belarus,crude oil tanker,Louis Wells
Secured discrete projection,2016-05-08,Mongolia,tanker,Lisa Allen
Managed 24/7 analyzer,2006-12-30,Suriname,bulk carrier,Paul Cox
Reverse-engineered contextually-based workforce,2005-04-30,United States of America,bulk carrier,Taylor Hancock
Face-to-face didactic support,2022-10-01,Namibia,tanker,Darlene Mayer
Organic responsive solution,2012-09-16,Sudan,tanker,Matthew Kerr
Organic multimedia protocol,2018-10-16,Syrian Arab Republic,passenger ship,Kevin Melendez
Enhanced solution-oriented database,2005-02-06,Malaysia,bulk carrier,Jorge Garcia
Configurable impactful middleware,1997-11-07,Peru,container ship,Brittany Brennan
Pre-emptive context-sensitive neural-net,1995-03-06,Afghanistan,container ship,Kenneth Martin
Realigned discrete open system,1996-08-25,Pitcairn Islands,tanker,Randy Gross
Vision-oriented impactful emulation,2021-10-29,Congo,tanker,James Diaz
Organic foreground software,2009-11-18,Cameroon,passenger ship,Monica Sanders
Switchable stable Graphical User Interface,2010-01-22,Slovakia (Slovak Republic),passenger ship,Rebecca Brooks
Future-proofed intangible knowledgebase,2001-05-02,Faroe Islands,passenger ship,Karl Estrada
Virtual 5thgeneration support,1994-09-09,Netherlands,container ship,Terri Turner
Virtual 24hour project,2008-10-03,Slovakia (Slovak Republic),container ship,Joseph Cantu
Configurable explicit contingency,2010-05-20,Bouvet Island (Bouvetoya),container ship,Clayton Curtis
Reverse-engineered grid-enabled architecture,1998-06-04,Guyana,passenger ship,Chelsea Fuller
Balanced dynamic instruction set,2022-07-30,Saint Kitts and Nevis,container ship,Ashley Smith
Re-engineered well-modulated Graphic Interface,2006-05-30,Australia,container ship,Antonio Herman
Up-sized mission-critical orchestration,2004-01-12,New Caledonia,container ship,Linda Stephens
Persevering bandwidth-monitored matrix,2005-12-06,Puerto Rico,passenger ship,Charles Andrews
Networked stable info-mediaries,2022-02-25,Eritrea,container ship,Richard Mathews PhD
Proactive optimizing synergy,1995-02-21,Belize,crude oil tanker,Jacqueline Gates
Adaptive bandwidth-monitored portal,1999-07-13,Mauritius,container ship,Katie Herrera
Down-sized motivating service-desk,1995-12-30,French Polynesia,military,Benjamin Jones
Visionary asynchronous success,1998-08-19,Lebanon,military,Monica Tran
Phased zero administration throughput,1994-06-11,Antigua and Barbuda,military,Makayla Chen
Right-sized clear-thinking database,2020-11-10,Sao Tome and Principe,military,James Mclaughlin
Seamless bi-directional productivity,2017-04-29,Bermuda,tanker,Kelly Campbell
User-centric grid-enabled task-force,2023-12-07,North Macedonia,tanker,Jared Zimmerman
Fundamental tertiary framework,2011-08-07,Cape Verde,military,Christina Lucas
Organic optimal solution,2006-06-26,Botswana,tanker,Samuel Smith
Right-sized stable time-frame,2011-04-12,Singapore,crude oil tanker,Scott Stevenson
Fully-configurable bifurcated encoding,1995-05-19,Malawi,tanker,Judy Howell
Profit-focused value-added middleware,2014-10-30,Faroe Islands,passenger ship,Catherine Mcdonald
Synchronized disintermediate open system,1998-08-09,Jordan,passenger ship,Emily Martinez
Decentralized incremental standardization,2011-06-11,Spain,passenger ship,Michelle Green
Multi-channeled exuding architecture,2021-11-21,Germany,container ship,Christopher Olson
Inverse bifurcated Graphical User Interface,2013-08-02,Iran,container ship,Russell Diaz
Business-focused value-added functionalities,2022-10-09,Bulgaria,bulk carrier,Gary Herrera
Down-sized regional portal,2008-01-23,Lebanon,passenger ship,James Hall
Self-enabling bandwidth-monitored artificial intelligence,2008-10-27,Saint Pierre and Miquelon,tanker,Phillip Rivas
Operative 4thgeneration flexibility,2012-05-01,Mozambique,container ship,Cassidy Church
Optional directional function,1996-05-24,Tunisia,container ship,Tara Walker
Balanced systemic core,2009-12-01,Andorra,military,Kathryn Coleman
Triple-buffered next generation alliance,2005-02-20,Czech Republic,tanker,Nathan Simpson
Public-key regional circuit,2004-09-14,Mali,military,Brooke Anderson
Persevering full-range frame,2014-07-07,Tunisia,bulk carrier,Laura Figueroa
Persevering clear-thinking emulation,2008-09-19,French Southern Territories,container ship,Christian Warren
Devolved client-server moderator,2017-08-02,Liechtenstein,passenger ship,Tyler Moore
Re-engineered 24/7 portal,2013-10-19,Latvia,bulk carrier,Johnathan Henry
Versatile intangible open system,1995-12-01,Sri Lanka,container ship,Christopher Roberson
Multi-layered zero-defect instruction set,2013-03-18,Kiribati,military,David Vazquez
Persevering maximized Internet solution,2020-06-10,Saint Barthelemy,passenger ship,John Murphy
Seamless cohesive Internet solution,2002-03-01,Djibouti,bulk carrier,Kelsey Santiago
Optimized optimizing projection,2004-11-18,Nauru,tanker,Melanie King
Optional client-driven synergy,2021-10-22,Lebanon,passenger ship,Tammy Ho
Phased optimal functionalities,2015-12-24,Dominican Republic,crude oil tanker,Lisa Maddox
Enterprise-wide holistic focus group,2022-01-02,Norway,passenger ship,Philip Gonzalez
Exclusive reciprocal moderator,2023-03-18,Moldova,tanker,Antonio Davis
Phased multi-state interface,1997-03-12,Jersey,bulk carrier,David Pham
Customer-focused clear-thinking challenge,2021-05-16,Lesotho,container ship,Arthur Richardson
Multi-tiered contextually-based access,2008-01-24,Paraguay,military,Kim Johnson
Optional even-keeled array,2014-03-18,Chile,container ship,Adam Cantrell
Persistent holistic software,2003-02-27,United States Minor Outlying Islands,military,Theresa Lopez
Object-based reciprocal system engine,2010-06-05,Western Sahara,container ship,Stephanie Medina
Multi-channeled well-modulated infrastructure,2005-05-17,Wallis and Futuna,passenger ship,Dr. Heather Wright
Polarized asynchronous help-desk,2005-01-02,Korea,container ship,Bethany Ruiz
Digitized stable attitude,2013-01-16,Sri Lanka,crude oil tanker,Lauren Shea
Multi-channeled local middleware,2011-12-15,Antigua and Barbuda,bulk carrier,Jamie Palmer
Optimized scalable algorithm,2015-02-22,Slovenia,bulk carrier,Randy Ryan
Implemented zero administration moratorium,2013-12-26,North Macedonia,tanker,Stephanie Sparks
Expanded hybrid product,2017-12-10,United States Virgin Islands,container ship,Linda Anderson
Phased modular process improvement,1995-02-02,Nepal,crude oil tanker,Jaime Rangel
Monitored explicit Graphical User Interface,2003-08-27,Zimbabwe,military,Janet Bolton
Right-sized zero administration frame,1994-06-08,Zambia,tanker,Kyle Sosa
Total 3rdgeneration architecture,2004-12-21,Cyprus,passenger ship,Sophia Cain
Devolved content-based database,1996-02-29,Iceland,tanker,Christie Brown
Reactive uniform frame,2010-02-20,Israel,container ship,Barbara Romero
Progressive grid-enabled moratorium,2008-11-02,Libyan Arab Jamahiriya,container ship,Colleen Howell
Enterprise-wide heuristic open architecture,2010-09-22,Pakistan,crude oil tanker,Cheryl Simmons
Exclusive mobile functionalities,2009-09-04,Isle of Man,bulk carrier,Lori Hale
Re-contextualized systemic website,2013-01-31,Pakistan,tanker,Tracey Burgess
Fully-configurable logistical portal,2022-11-03,Tonga,bulk carrier,Anthony Cooper Jr.
Secured exuding help-desk,2013-03-04,Brunei Darussalam,container ship,Kristin Arias
Cloned needs-based application,2007-07-27,Israel,bulk carrier,Keith Fernandez
Extended secondary analyzer,2023-02-28,India,crude oil tanker,Juan Tran MD
Re-contextualized real-time standardization,2007-02-15,Montenegro,bulk carrier,Louis Hughes
Switchable multimedia migration,2023-01-18,Turks and Caicos Islands,bulk carrier,Kristy Maddox
Advanced intermediate knowledge user,1995-06-10,Libyan Arab Jamahiriya,container ship,Tyler Reed
Networked dedicated orchestration,2007-01-17,Jamaica,military,Danielle Long
Devolved bottom-line info-mediaries,2000-02-11,Northern Mariana Islands,bulk carrier,David Lynn
Innovative human-resource middleware,2015-09-28,Ghana,container ship,Jacqueline Juarez PhD
Configurable actuating policy,2019-10-20,Fiji,container ship,Mary Maldonado
Profit-focused asynchronous leverage,2019-02-11,Armenia,passenger ship,Daniel Garcia
Realigned composite analyzer,2009-06-12,Liechtenstein,crude oil tanker,Pam Mcintosh
User-centric scalable customer loyalty,2001-12-25,Lithuania,bulk carrier,Pamela Johnson
Persistent foreground archive,2022-01-16,Kyrgyz Republic,passenger ship,Anthony Knight
Balanced well-modulated concept,2000-03-24,Canada,container ship,Matthew Shepard
Persistent demand-driven protocol,2022-11-23,Togo,passenger ship,Robert Ramsey
Object-based cohesive analyzer,2004-04-29,China,bulk carrier,Jordan Washington
Front-line asymmetric database,1998-10-15,Ireland,crude oil tanker,Lisa Stewart
Inverse real-time methodology,2019-12-24,Burkina Faso,passenger ship,Justin Hickman
Quality-focused intangible function,1995-10-11,Ukraine,tanker,Tammy Torres
Streamlined bandwidth-monitored help-desk,2008-06-07,Belarus,container ship,Justin Parker
Down-sized empowering adapter,2006-08-31,Bahamas,bulk carrier,Danielle Mendez
Fundamental systematic budgetary management,2006-04-11,Canada,tanker,Terri Ross
Future-proofed content-based instruction set,2003-06-05,Israel,passenger ship,Christopher Peters
Pre-emptive system-worthy protocol,2001-04-28,Saudi Arabia,container ship,Melissa Sellers
Cross-group directional toolset,1998-01-28,South Georgia and the South Sandwich Islands,passenger ship,Timothy Chang
Devolved fault-tolerant ability,2003-12-22,Ghana,passenger ship,Bryan Thompson
Automated mobile model,1995-01-11,Belarus,crude oil tanker,Michael Atkinson
Balanced executive capacity,1998-04-14,Dominican Republic,bulk carrier,Jane Hernandez
Intuitive real-time data-warehouse,2006-12-21,British Virgin Islands,passenger ship,Sara Spencer
Multi-lateral methodical parallelism,2011-01-07,Guinea-Bissau,military,Stephanie Stout
Organized intermediate migration,2010-05-31,Equatorial Guinea,passenger ship,Matthew Nelson
Devolved context-sensitive support,2023-07-07,Seychelles,crude oil tanker,Cathy Page
Grass-roots 3rdgeneration analyzer,2018-11-09,Cocos (Keeling) Islands,passenger ship,Bryce Taylor
Front-line neutral time-frame,2016-03-11,Swaziland,crude oil tanker,Allen Davis
Extended global middleware,2019-08-24,Turkey,bulk carrier,Rebecca Torres
Pre-emptive scalable productivity,2005-09-30,Kiribati,container ship,Alexander Hanna
Advanced demand-driven product,2000-09-06,Wallis and Futuna,tanker,Taylor Pennington
Innovative 4thgeneration monitoring,2024-01-09,Bahrain,container ship,Samuel Richardson
Inverse optimizing database,1995-04-19,Russian Federation,military,William Espinoza
Ameliorated impactful Graphic Interface,2000-05-14,Mozambique,tanker,Johnathan Miller
Decentralized value-added neural-net,2005-11-25,Dominican Republic,tanker,Andrea James
Re-engineered maximized core,2008-04-25,Heard Island and McDonald Islands,tanker,Matthew Wright
Vision-oriented scalable circuit,2016-03-16,Malawi,crude oil tanker,Patrick Valdez
Exclusive homogeneous moratorium,2004-10-18,Sri Lanka,container ship,Heather Benton
Phased upward-trending process improvement,1995-12-22,Martinique,tanker,Lisa Bailey
Persistent scalable interface,2012-11-12,Nepal,military,Alexis Elliott
Inverse local model,2020-07-24,Seychelles,crude oil tanker,Zachary Phillips
Total impactful encoding,2020-10-25,Vanuatu,military,Melanie Wolfe
Team-oriented exuding function,2016-09-29,Guadeloupe,container ship,Deborah Hawkins
Ameliorated mission-critical portal,2021-02-09,Palau,crude oil tanker,Chad Garcia
Team-oriented discrete superstructure,1997-07-17,South Africa,crude oil tanker,Taylor Burns
Decentralized 24/7 neural-net,2020-05-10,Greenland,passenger ship,Emily Mcguire
Team-oriented maximized algorithm,2002-09-20,Estonia,bulk carrier,Angela Miller
Face-to-face asynchronous forecast,1997-07-14,British Indian Ocean Territory (Chagos Archipelago),passenger ship,Gregory Nichols
De-engineered even-keeled capability,2020-08-08,French Guiana,tanker,Donald Kennedy
Implemented user-facing synergy,2001-02-06,Uruguay,bulk carrier,Jason Hoffman
Customer-focused heuristic budgetary management,2001-12-04,Netherlands,bulk carrier,David Santiago
User-friendly homogeneous algorithm,2009-11-16,Paraguay,crude oil tanker,Michael Foster
Secured mission-critical Graphic Interface,2020-03-13,Armenia,crude oil tanker,Joshua Hale
Re-engineered solution-oriented task-force,2014-10-16,Tokelau,crude oil tanker,Michelle Ford
Triple-buffered empowering infrastructure,2004-08-06,Christmas Island,container ship,Margaret Mercer
Polarized bandwidth-monitored architecture,2009-08-17,Mayotte,military,Terry Walker
Compatible asymmetric Graphic Interface,2022-11-18,Holy See (Vatican City State),passenger ship,Steven Smith
Decentralized even-keeled projection,2015-11-03,Russian Federation,container ship,Jeff Long
Intuitive intangible parallelism,1998-06-09,Mozambique,military,Hannah Anderson
Implemented asynchronous attitude,2006-02-02,Mexico,crude oil tanker,Ashley Sosa
Expanded value-added success,2009-08-16,Oman,bulk carrier,Michael Mathews
Optimized encompassing data-warehouse,2001-11-17,Mongolia,military,Paul Dixon
Inverse needs-based encoding,2010-03-21,Vietnam,passenger ship,Alex Adkins
Intuitive mission-critical customer loyalty,2002-09-19,Mali,container ship,Mrs. Cynthia Fischer
Business-focused optimizing neural-net,2013-06-04,Suriname,container ship,Debra Velez
Customer-focused intangible data-warehouse,1995-04-16,Western Sahara,bulk carrier,Julia King
Automated actuating toolset,2002-10-08,United States of America,tanker,Gregory Hatfield
Automated human-resource capability,2008-11-11,Vietnam,military,Raymond Carr
Advanced homogeneous implementation,2010-10-21,Haiti,container ship,Jamie Evans
Universal intermediate utilization,1996-07-22,Brazil,bulk carrier,Elizabeth Berry
Multi-channeled mission-critical interface,1998-01-26,Estonia,tanker,William Sanchez
Devolved coherent migration,2022-12-22,Azerbaijan,crude oil tanker,Kathryn James
Cross-platform regional artificial intelligence,2024-03-22,Russian Federation,tanker,Paige Glenn
Ergonomic asynchronous extranet,2006-06-02,Ecuador,bulk carrier,Tyler Morales
Customer-focused homogeneous protocol,2015-05-06,Montenegro,bulk carrier,Mrs. Kathryn Davis
Diverse 5thgeneration solution,2005-02-28,San Marino,bulk carrier,Alexa Thomas
Automated clear-thinking algorithm,1998-01-31,Croatia,container ship,Steven Vazquez
Cloned tangible throughput,1998-05-26,Kenya,bulk carrier,Nathaniel Shields PhD
Secured explicit focus group,2015-08-20,New Caledonia,passenger ship,Patricia Powers
Optimized tangible installation,2011-12-28,Moldova,crude oil tanker,Amanda Welch
Front-line clear-thinking orchestration,2006-01-28,Kyrgyz Republic,bulk carrier,Carla Anderson
Synergized holistic application,2020-05-07,Ecuador,container ship,Cheyenne Flores
Centralized even-keeled application,2021-08-25,Mongolia,bulk carrier,Christopher Anderson
Profound coherent extranet,1995-02-20,Morocco,bulk carrier,Loretta Turner
Right-sized needs-based knowledgebase,2003-05-21,Saint Helena,passenger ship,Amanda Garrett
Secured next generation model,1996-11-19,British Virgin Islands,bulk carrier,Taylor Shelton
Secured context-sensitive hardware,2004-06-26,Barbados,tanker,Kevin Vazquez
Titanic,1912-04-15,United Kingdom,passenger ship,Edward Smith
Bismarck,1941-05-27,Germany,military,Ernst Lindemann
Yamato,1945-04-07,Japan,military,Kosaku Ariga
